request_id,account_id,requested_payment_system_id,created_at,status,request_reason
115,2324,7,2022-03-12 11:56:00.962900323,approved,higher_conversion
641,3465,2,2022-04-07 13:51:36.142024418,approved,international_payments
38,4316,8,2022-04-15 15:49:01.574136338,approved,installments
795,4894,2,2022-05-05 06:10:09.269717861,rejected,lower_fee
157,2895,7,2022-05-08 19:19:39.254865406,approved,lower_fee
153,4674,6,2022-05-25 12:16:11.306938875,in_progress,lower_fee
998,3215,3,2022-05-26 10:49:38.420611059,approved,provider_backup
820,2306,1,2022-05-29 04:25:49.754000080,new,provider_backup
666,2689,8,2022-06-02 09:05:42.265469434,approved,higher_conversion
883,2499,8,2022-06-03 06:25:43.209180438,in_progress,international_payments
651,3706,8,2022-06-12 00:50:18.713991947,approved,installments
978,1989,6,2022-06-25 15:09:59.359680942,approved,additional_payment_methods
969,2012,2,2022-06-26 21:54:18.646912870,approved,lower_fee
164,1129,8,2022-06-27 17:52:12.941950139,new,international_payments
563,3221,8,2022-06-28 17:56:04.909345698,in_progress,international_payments
209,3980,2,2022-06-30 10:40:54.991670532,approved,lower_fee
677,3003,1,2022-07-01 16:16:38.946680873,approved,lower_fee
467,2681,2,2022-07-02 00:26:25.115216470,approved,provider_backup
393,3117,7,2022-07-21 07:37:12.900552297,approved,provider_backup
52,4629,2,2022-07-31 08:35:06.340105850,new,additional_payment_methods
907,2684,1,2022-08-06 11:43:30.934228971,approved,additional_payment_methods
269,2894,8,2022-08-06 14:31:47.127668984,new,higher_conversion
540,4811,7,2022-08-08 05:59:41.798608022,approved,lower_fee
332,415,6,2022-08-12 01:04:30.414720614,approved,provider_backup
199,3830,8,2022-08-18 21:36:00.974522751,approved,provider_backup
64,3863,2,2022-09-08 11:43:58.048779264,rejected,additional_payment_methods
452,3383,3,2022-09-11 04:54:30.500080921,rejected,lower_fee
448,4614,1,2022-09-19 02:13:31.973366775,rejected,additional_payment_methods
793,4664,8,2022-09-28 22:05:51.919040073,approved,installments
944,1607,6,2022-09-29 08:17:59.518178316,approved,international_payments
196,1097,5,2022-10-21 08:50:15.430614916,in_progress,provider_backup
105,466,8,2022-10-22 06:27:55.712583433,in_progress,higher_conversion
925,4503,5,2022-10-24 02:25:43.043779351,approved,higher_conversion
861,3289,7,2022-10-24 04:50:47.700266479,in_progress,installments
838,719,5,2022-10-26 20:49:16.054104807,new,provider_backup
647,3019,2,2022-10-28 15:28:41.889425027,approved,provider_backup
981,832,3,2022-11-09 05:13:19.634483971,new,installments
794,176,2,2022-11-10 03:46:35.781177834,rejected,higher_conversion
691,4335,8,2022-11-12 01:47:22.264952380,approved,lower_fee
365,671,1,2022-11-12 07:02:00.775820825,approved,higher_conversion
487,44,2,2022-11-13 16:41:12.831248991,approved,additional_payment_methods
729,2711,7,2022-11-18 14:19:27.473987987,approved,installments
601,882,6,2022-11-24 04:43:59.129104409,approved,higher_conversion
415,411,8,2022-12-04 04:42:45.387186825,approved,provider_backup
574,2417,2,2022-12-08 02:12:01.966279604,rejected,provider_backup
718,568,2,2022-12-09 06:09:23.430662341,approved,international_payments
378,255,5,2022-12-10 13:39:53.776511379,approved,provider_backup
573,3847,2,2022-12-16 18:57:07.766288448,approved,additional_payment_methods
532,1150,6,2022-12-24 05:02:46.155205956,approved,higher_conversion
927,3895,2,2022-12-30 13:52:41.730617240,approved,installments
692,4692,3,2023-01-04 09:18:52.004402597,approved,installments
172,1808,1,2023-01-04 19:35:12.958401884,in_progress,additional_payment_methods
728,721,4,2023-01-07 07:33:32.667680223,in_progress,higher_conversion
831,4362,1,2023-01-09 17:27:36.852297895,approved,lower_fee
49,3162,4,2023-01-09 22:35:47.032134536,rejected,lower_fee
496,3929,2,2023-01-10 05:06:22.405788221,approved,additional_payment_methods
736,4842,2,2023-01-14 23:27:37.870270610,approved,additional_payment_methods
894,2651,2,2023-01-15 15:12:43.441141534,new,lower_fee
384,2293,8,2023-01-17 10:43:56.302704431,approved,lower_fee
398,1651,2,2023-01-18 03:09:16.446142249,new,lower_fee
809,284,1,2023-01-19 09:56:04.380740305,new,provider_backup
392,4626,2,2023-01-20 22:58:02.784756964,rejected,lower_fee
519,479,5,2023-02-01 03:39:16.305655047,approved,international_payments
158,2848,6,2023-02-02 16:24:24.569984697,in_progress,lower_fee
653,4645,1,2023-02-08 18:37:42.615818532,approved,lower_fee
765,4047,5,2023-02-11 19:39:45.253788520,rejected,installments
160,145,1,2023-02-15 06:37:05.116837077,approved,lower_fee
968,1421,1,2023-02-18 19:03:45.684449645,rejected,provider_backup
625,4406,6,2023-02-21 04:53:47.368232470,approved,additional_payment_methods
281,4606,8,2023-03-02 03:19:42.780420037,approved,provider_backup
869,2229,4,2023-03-04 12:49:58.121947069,rejected,lower_fee
454,1398,7,2023-03-04 13:54:04.577662311,approved,provider_backup
850,4480,6,2023-03-14 13:04:15.687844673,approved,additional_payment_methods
9,2414,1,2023-03-16 22:51:52.855765595,approved,lower_fee
226,3136,7,2023-03-22 10:42:14.388292473,approved,additional_payment_methods
997,2314,8,2023-03-30 04:14:02.347411193,new,higher_conversion
243,4093,7,2023-04-04 02:54:34.707723320,in_progress,higher_conversion
835,3394,5,2023-04-04 23:01:36.932286240,approved,additional_payment_methods
693,135,4,2023-04-06 08:11:53.806000329,new,international_payments
578,4025,8,2023-04-07 07:41:09.770329288,approved,additional_payment_methods
136,4063,7,2023-04-08 18:49:58.027022286,new,installments
355,4828,2,2023-04-12 01:56:48.333724888,new,installments
282,4596,2,2023-04-14 12:29:07.146563906,rejected,international_payments
96,4741,1,2023-04-14 16:00:38.076510865,new,higher_conversion
720,3186,1,2023-04-24 03:42:41.965455664,in_progress,additional_payment_methods
286,3937,1,2023-04-28 22:28:59.823755909,approved,lower_fee
354,291,4,2023-05-02 12:30:53.033493488,approved,international_payments
717,3693,1,2023-05-03 06:44:44.361977056,approved,higher_conversion
473,562,1,2023-05-12 13:28:17.052682955,in_progress,lower_fee
556,1392,5,2023-05-16 05:49:28.887713585,rejected,higher_conversion
788,1039,8,2023-05-17 09:31:08.380992543,approved,lower_fee
299,4265,3,2023-05-18 17:36:52.463705583,new,additional_payment_methods
78,2802,6,2023-05-20 15:05:51.427656125,approved,international_payments
714,4260,5,2023-05-22 08:29:58.071011886,in_progress,lower_fee
699,2277,5,2023-05-23 14:57:58.987690313,in_progress,lower_fee
459,3669,2,2023-05-26 04:43:27.613347668,in_progress,lower_fee
668,3185,8,2023-05-27 08:58:13.726570874,in_progress,lower_fee
453,4416,4,2023-05-28 19:24:57.677663917,in_progress,higher_conversion
280,1425,6,2023-05-28 21:03:53.579836175,new,higher_conversion
916,2463,8,2023-05-30 08:44:17.747484460,new,lower_fee
943,4773,4,2023-05-30 15:45:59.158041425,approved,lower_fee
505,1438,2,2023-06-05 10:27:54.193428338,approved,lower_fee
79,2528,5,2023-06-05 21:27:46.669750595,approved,lower_fee
88,656,8,2023-06-12 01:42:15.089738600,approved,lower_fee
954,3815,7,2023-06-14 07:12:26.670206502,approved,higher_conversion
629,1966,3,2023-06-16 22:39:25.007911846,approved,additional_payment_methods
734,1245,3,2023-06-20 11:16:31.678238191,approved,international_payments
515,62,7,2023-06-22 16:56:45.314035974,approved,international_payments
649,804,1,2023-06-23 00:13:11.521474204,approved,international_payments
114,743,2,2023-06-23 12:06:00.162648525,approved,lower_fee
670,444,7,2023-06-25 03:16:47.634631742,approved,additional_payment_methods
544,4535,3,2023-06-28 10:22:38.784226932,rejected,lower_fee
150,2576,2,2023-06-29 04:54:00.977040520,approved,higher_conversion
737,319,5,2023-07-03 21:00:52.924967855,approved,installments
223,4583,6,2023-07-04 06:55:47.136704750,approved,international_payments
231,654,1,2023-07-09 02:30:34.489190139,approved,international_payments
311,3115,4,2023-07-10 00:21:47.587446488,approved,lower_fee
225,1621,7,2023-07-10 18:02:11.429378136,new,lower_fee
63,4258,7,2023-07-13 07:04:51.159774911,approved,provider_backup
866,2764,1,2023-07-22 17:44:09.293939531,in_progress,additional_payment_methods
841,4562,5,2023-07-29 11:49:18.959696991,approved,higher_conversion
220,1021,7,2023-07-31 00:15:39.241961051,in_progress,lower_fee
752,3440,5,2023-07-31 23:48:10.296652264,in_progress,lower_fee
228,2708,3,2023-08-04 14:58:49.143334451,approved,additional_payment_methods
673,1116,5,2023-08-06 17:39:39.050387610,approved,higher_conversion
749,528,2,2023-08-14 13:55:04.177927662,approved,additional_payment_methods
849,4847,6,2023-08-25 00:57:47.247307752,rejected,lower_fee
662,52,8,2023-08-26 20:08:48.923849264,approved,additional_payment_methods
858,439,1,2023-08-27 06:58:49.408996440,in_progress,provider_backup
56,3079,8,2023-08-29 08:24:56.150412520,approved,higher_conversion
403,788,8,2023-08-31 07:49:01.589300388,in_progress,additional_payment_methods
829,3974,3,2023-09-01 07:00:54.448330365,rejected,provider_backup
252,4119,4,2023-09-02 02:06:14.997655645,in_progress,provider_backup
664,1045,1,2023-09-02 12:04:58.944995072,approved,installments
999,2733,6,2023-09-03 16:54:11.578228985,new,lower_fee
461,1259,6,2023-09-06 21:30:31.945592888,new,installments
382,4311,5,2023-09-07 05:49:21.359872002,approved,installments
548,4006,5,2023-09-07 08:05:35.220616980,in_progress,lower_fee
183,1942,2,2023-09-11 03:19:40.049720302,approved,lower_fee
552,2299,4,2023-09-15 11:04:10.577186137,approved,additional_payment_methods
366,3041,6,2023-09-19 17:35:20.744949177,rejected,additional_payment_methods
681,2923,6,2023-09-21 05:33:18.942899860,approved,higher_conversion
584,3922,8,2023-09-21 13:31:39.831677057,in_progress,higher_conversion
250,4716,6,2023-09-22 22:52:03.988350978,in_progress,lower_fee
347,4759,3,2023-09-27 07:51:52.883364063,approved,international_payments
336,894,8,2023-09-29 15:54:17.033116713,rejected,additional_payment_methods
791,2506,5,2023-09-30 16:19:39.147319056,rejected,higher_conversion
200,4382,6,2023-10-08 04:10:05.939320467,approved,lower_fee
247,2179,6,2023-10-09 15:27:10.137749676,approved,lower_fee
488,3002,8,2023-10-09 20:21:56.754199985,in_progress,lower_fee
781,2793,3,2023-10-12 02:54:23.055461317,new,additional_payment_methods
375,2233,5,2023-10-15 00:54:24.108051382,in_progress,higher_conversion
533,3618,7,2023-10-19 07:13:48.605068661,new,lower_fee
468,4652,5,2023-10-21 01:27:48.314689070,approved,international_payments
844,834,3,2023-10-22 17:22:18.958451945,in_progress,lower_fee
84,1616,2,2023-10-24 15:18:19.350396879,in_progress,higher_conversion
42,4122,8,2023-10-26 21:44:18.313955832,approved,higher_conversion
810,4919,8,2023-10-28 11:38:52.454550695,approved,lower_fee
564,2112,6,2023-10-28 12:05:55.295266025,in_progress,lower_fee
525,2171,5,2023-10-31 14:43:47.302638080,approved,higher_conversion
857,1488,5,2023-11-01 22:17:32.282343633,in_progress,international_payments
162,3144,4,2023-11-02 08:50:55.163341828,in_progress,lower_fee
414,1352,2,2023-11-02 17:08:35.046226250,rejected,higher_conversion
310,1870,3,2023-11-04 04:15:13.624589445,new,provider_backup
526,323,5,2023-11-04 22:32:44.463189114,approved,higher_conversion
358,351,1,2023-11-05 12:17:41.185567101,in_progress,lower_fee
970,2687,5,2023-11-06 00:52:12.232439857,approved,lower_fee
669,3858,2,2023-11-07 15:13:17.847766705,in_progress,additional_payment_methods
346,3655,2,2023-11-11 02:39:33.926140093,approved,installments
404,2606,2,2023-11-11 13:37:38.654668277,approved,lower_fee
142,3822,7,2023-11-18 22:07:48.558256824,approved,lower_fee
356,253,2,2023-11-19 15:01:31.576943755,approved,installments
489,211,2,2023-11-21 13:11:48.364318966,approved,higher_conversion
349,2094,1,2023-11-22 20:39:35.922024824,approved,higher_conversion
192,3795,3,2023-11-25 13:40:32.568019533,rejected,lower_fee
770,1871,5,2023-11-27 22:46:11.325204741,new,lower_fee
424,1236,7,2023-11-30 09:54:25.584950702,rejected,lower_fee
411,1176,6,2023-11-30 11:18:21.454216975,approved,additional_payment_methods
249,1783,1,2023-11-30 21:56:00.256303489,approved,installments
713,123,5,2023-12-02 00:34:51.629965533,approved,additional_payment_methods
219,3790,7,2023-12-08 01:19:06.564745951,new,international_payments
457,2165,7,2023-12-09 15:23:45.784463781,approved,additional_payment_methods
174,3040,2,2023-12-10 02:47:15.727879521,approved,higher_conversion
239,2755,1,2023-12-12 04:53:08.987307884,new,international_payments
324,3045,3,2023-12-14 05:32:55.719895303,approved,lower_fee
808,4589,8,2023-12-15 05:00:21.936379150,new,higher_conversion
18,3352,5,2023-12-15 18:57:41.166803632,approved,higher_conversion
535,3750,4,2023-12-15 20:11:02.053408261,approved,lower_fee
195,2019,3,2023-12-17 04:31:55.257078171,approved,additional_payment_methods
853,1323,3,2023-12-17 11:03:07.852535374,approved,provider_backup
104,4440,5,2023-12-22 15:52:35.489280172,rejected,lower_fee
614,416,7,2023-12-23 02:21:38.720183261,approved,lower_fee
878,1019,7,2023-12-25 15:52:52.573461831,rejected,higher_conversion
66,2634,7,2023-12-28 19:44:49.186265994,approved,higher_conversion
210,912,8,2023-12-29 15:14:31.273780581,approved,installments
422,2837,6,2023-12-30 12:42:26.062617785,rejected,additional_payment_methods
270,150,2,2024-01-01 02:55:30.975662652,in_progress,lower_fee
476,2818,8,2024-01-03 06:05:08.573696654,approved,provider_backup
571,4886,2,2024-01-04 04:28:24.035808414,approved,installments
402,4002,7,2024-01-05 03:31:39.203177704,rejected,higher_conversion
741,2665,7,2024-01-06 18:05:25.918921195,rejected,higher_conversion
416,4213,6,2024-01-11 09:52:01.393824048,approved,lower_fee
542,2933,8,2024-01-11 10:48:17.336007074,approved,installments
188,3662,6,2024-01-14 09:23:49.017160967,approved,lower_fee
187,3685,8,2024-01-14 15:53:04.769351528,approved,additional_payment_methods
141,3699,3,2024-01-15 20:43:42.804519441,approved,additional_payment_methods
871,2078,1,2024-01-19 04:07:15.278390404,approved,lower_fee
661,1048,7,2024-01-22 01:43:13.135378979,new,lower_fee
295,3065,4,2024-01-26 23:17:05.412571140,approved,lower_fee
485,3971,3,2024-02-01 18:41:33.499351434,in_progress,lower_fee
486,4708,4,2024-02-04 17:00:20.214146296,approved,installments
470,4680,5,2024-02-06 12:58:25.791562254,approved,additional_payment_methods
71,1908,5,2024-02-11 07:52:34.006437344,new,lower_fee
339,3826,4,2024-02-11 08:23:30.188766029,approved,higher_conversion
155,1861,4,2024-02-11 14:14:41.145373598,rejected,lower_fee
390,2451,3,2024-02-12 02:26:08.889066339,new,lower_fee
431,722,8,2024-02-13 22:35:05.239939790,approved,lower_fee
774,377,8,2024-02-15 11:16:26.393172994,approved,installments
912,1504,7,2024-02-15 16:18:49.888541721,approved,international_payments
412,3198,6,2024-02-16 15:01:59.224803753,approved,international_payments
39,4967,4,2024-02-17 02:31:37.575077696,approved,lower_fee
229,298,8,2024-02-18 07:52:26.379271276,in_progress,higher_conversion
383,2510,8,2024-02-21 14:28:15.600728117,in_progress,lower_fee
442,81,7,2024-02-27 15:15:02.499048533,rejected,additional_payment_methods
364,2237,6,2024-03-01 20:32:19.623111568,approved,lower_fee
742,550,8,2024-03-04 11:09:04.938403089,approved,higher_conversion
238,692,2,2024-03-09 22:17:56.176946729,approved,lower_fee
615,4247,5,2024-03-10 09:01:51.700659485,approved,higher_conversion
724,3839,5,2024-03-10 17:53:04.391390976,in_progress,lower_fee
951,3044,3,2024-03-13 01:02:59.511914738,approved,higher_conversion
102,1670,2,2024-03-18 16:43:08.148898713,rejected,higher_conversion
387,4648,7,2024-03-22 03:20:45.051184222,new,installments
103,2132,7,2024-03-24 11:22:09.418778468,approved,lower_fee
77,712,6,2024-03-24 23:49:28.649816170,new,installments
846,4507,3,2024-03-26 08:22:58.056345128,approved,lower_fee
211,3146,7,2024-03-27 11:11:31.775348552,new,lower_fee
594,4582,3,2024-03-30 11:41:53.635125253,approved,international_payments
22,3050,1,2024-03-30 16:20:31.941125683,new,lower_fee
317,1804,2,2024-03-31 04:21:47.107262744,approved,lower_fee
451,2610,8,2024-04-02 14:59:03.841694891,approved,higher_conversion
607,625,7,2024-04-02 17:09:27.163579881,approved,additional_payment_methods
620,1201,3,2024-04-03 10:41:27.631083049,approved,additional_payment_methods
560,3241,6,2024-04-04 02:30:53.581261966,approved,additional_payment_methods
780,3820,5,2024-04-07 11:28:53.706041137,in_progress,lower_fee
924,880,6,2024-04-07 16:59:36.618095756,in_progress,higher_conversion
757,2120,4,2024-04-08 10:30:19.904894102,approved,lower_fee
74,297,5,2024-04-10 12:43:17.828710690,approved,lower_fee
870,4786,8,2024-04-10 17:52:38.904536538,approved,higher_conversion
522,3708,8,2024-04-11 16:26:00.432537220,rejected,lower_fee
372,3524,7,2024-04-12 20:44:27.958055392,approved,additional_payment_methods
697,185,3,2024-04-14 10:30:39.493901849,approved,lower_fee
983,4682,4,2024-04-18 10:33:38.019741219,approved,lower_fee
979,3755,2,2024-04-21 18:53:21.941970963,approved,installments
308,2827,2,2024-04-25 11:07:00.728203181,new,provider_backup
350,2188,3,2024-04-25 15:36:42.822908983,approved,higher_conversion
893,3287,8,2024-04-27 02:47:34.872887209,approved,higher_conversion
471,2965,3,2024-04-27 07:48:59.690733634,approved,lower_fee
495,578,7,2024-04-28 10:41:41.667229220,new,lower_fee
543,1537,8,2024-04-29 04:15:47.557566293,rejected,lower_fee
43,30,3,2024-05-03 12:41:40.560573813,in_progress,lower_fee
652,752,2,2024-05-05 21:43:51.164648801,new,international_payments
619,18,1,2024-05-07 02:08:58.094920412,rejected,lower_fee
482,3958,1,2024-05-07 10:53:59.033963263,approved,installments
549,3627,8,2024-05-07 14:09:05.790003847,new,higher_conversion
241,970,8,2024-05-09 17:17:42.402964786,approved,lower_fee
503,136,7,2024-05-10 14:03:11.114771343,approved,higher_conversion
613,1663,7,2024-05-12 19:54:22.309625251,approved,higher_conversion
255,2276,2,2024-05-14 17:58:15.710418154,in_progress,higher_conversion
639,4761,3,2024-05-15 17:45:14.760722652,in_progress,higher_conversion
731,4878,6,2024-05-16 16:57:18.921807514,in_progress,higher_conversion
176,3290,5,2024-05-18 05:35:14.108413562,new,lower_fee
814,1593,5,2024-05-18 14:40:08.221812896,approved,higher_conversion
186,3571,5,2024-05-20 02:17:26.223124519,new,provider_backup
327,2418,8,2024-05-24 03:11:30.087998696,approved,international_payments
914,2119,6,2024-05-25 17:13:43.320996366,new,provider_backup
726,4770,8,2024-05-26 01:06:41.325374020,in_progress,provider_backup
481,4140,2,2024-05-26 08:36:48.345017463,new,provider_backup
655,622,3,2024-05-26 09:55:34.461501261,in_progress,additional_payment_methods
796,1910,7,2024-05-27 20:09:20.612905703,approved,lower_fee
626,4720,8,2024-05-31 16:22:32.397616927,in_progress,lower_fee
932,4211,8,2024-06-01 06:43:11.205648795,approved,additional_payment_methods
882,1282,8,2024-06-02 07:10:05.052254173,new,lower_fee
593,2318,8,2024-06-06 04:31:51.425445251,approved,international_payments
818,3576,4,2024-06-07 15:58:32.171125427,approved,lower_fee
658,567,7,2024-06-08 07:00:45.974668242,approved,lower_fee
478,1757,3,2024-06-09 20:39:07.083568100,approved,additional_payment_methods
654,2532,2,2024-06-10 07:57:32.531965185,approved,higher_conversion
917,3636,1,2024-06-10 21:26:32.126425720,in_progress,lower_fee
905,4859,7,2024-06-10 22:56:43.296114538,approved,higher_conversion
161,2105,7,2024-06-13 01:27:39.468672609,in_progress,higher_conversion
928,4991,7,2024-06-13 03:19:06.343379047,approved,lower_fee
130,3151,2,2024-06-14 00:34:05.685158095,rejected,installments
965,3625,6,2024-06-17 06:17:27.151264634,approved,additional_payment_methods
61,2378,6,2024-06-19 04:49:59.210989423,approved,higher_conversion
541,1984,2,2024-06-19 07:03:17.753723202,approved,lower_fee
410,2883,4,2024-06-20 21:22:17.066552377,approved,additional_payment_methods
15,3022,7,2024-06-22 09:39:54.965408448,approved,international_payments
645,4193,2,2024-06-25 10:36:26.210998580,approved,lower_fee
744,4054,5,2024-06-28 21:15:42.443313442,approved,provider_backup
501,3717,5,2024-06-29 02:38:44.789189966,in_progress,lower_fee
919,4479,1,2024-06-29 11:37:10.567462899,approved,international_payments
611,234,5,2024-06-30 15:13:31.567698777,approved,provider_backup
499,1613,1,2024-07-03 23:01:51.926731683,approved,lower_fee
215,4077,7,2024-07-07 06:27:01.302257210,new,international_payments
381,3801,1,2024-07-07 08:08:02.474960357,in_progress,higher_conversion
165,152,5,2024-07-08 14:00:59.958982468,in_progress,lower_fee
719,1372,6,2024-07-09 18:00:16.785476891,approved,higher_conversion
621,1700,2,2024-07-11 19:20:07.711498171,approved,lower_fee
913,2415,5,2024-07-13 08:07:48.437489413,approved,higher_conversion
322,3912,8,2024-07-17 09:22:50.260595179,in_progress,higher_conversion
696,2464,7,2024-07-18 07:26:49.849468037,rejected,international_payments
4,1056,2,2024-07-20 22:06:04.091929443,approved,lower_fee
679,4201,2,2024-07-21 22:11:03.238658927,approved,lower_fee
848,4039,5,2024-07-22 08:25:00.008683526,approved,lower_fee
638,4325,2,2024-07-22 19:58:04.182074741,approved,lower_fee
343,1294,6,2024-07-27 08:48:27.938114919,approved,lower_fee
230,2340,5,2024-07-27 19:49:59.927790888,in_progress,provider_backup
982,240,3,2024-07-29 15:54:10.632200062,approved,provider_backup
949,464,8,2024-07-30 04:55:33.934848063,approved,lower_fee
834,4899,8,2024-07-30 12:39:20.436637208,rejected,higher_conversion
721,3956,2,2024-08-04 03:14:05.103560388,in_progress,provider_backup
53,2452,4,2024-08-08 23:08:35.699301360,new,additional_payment_methods
953,595,4,2024-08-11 19:06:40.171327343,approved,international_payments
897,2125,2,2024-08-13 23:34:39.578349404,approved,additional_payment_methods
813,1169,1,2024-08-14 23:08:40.068983689,rejected,lower_fee
775,3854,8,2024-08-16 03:01:38.164527453,in_progress,international_payments
529,3538,2,2024-08-16 09:33:04.186973207,in_progress,lower_fee
840,2723,3,2024-08-16 19:02:27.320759274,approved,lower_fee
51,4616,6,2024-08-16 21:03:03.162346929,approved,international_payments
198,2806,2,2024-08-17 14:19:33.418453783,rejected,additional_payment_methods
993,4232,1,2024-08-18 07:15:01.315047987,approved,international_payments
539,2649,3,2024-08-21 03:46:11.585587353,rejected,international_payments
307,4693,5,2024-08-22 01:29:42.297506286,approved,higher_conversion
463,1452,5,2024-08-23 09:24:00.998684008,rejected,international_payments
361,423,5,2024-08-26 09:36:07.301229805,new,international_payments
140,180,6,2024-08-28 06:04:45.061500989,approved,international_payments
345,3505,6,2024-08-29 20:03:15.516452461,in_progress,additional_payment_methods
727,777,1,2024-08-30 11:48:19.248815104,approved,additional_payment_methods
325,417,5,2024-09-01 23:16:10.422571547,approved,additional_payment_methods
479,725,8,2024-09-05 18:59:01.708917178,rejected,additional_payment_methods
483,1589,1,2024-09-08 02:37:13.652815434,new,additional_payment_methods
911,694,6,2024-09-09 01:27:28.471490424,in_progress,international_payments
95,498,3,2024-09-10 03:15:48.652161254,approved,provider_backup
408,812,1,2024-09-10 19:39:26.803824897,rejected,lower_fee
8,2469,7,2024-09-13 00:24:59.711110182,approved,additional_payment_methods
113,4210,3,2024-09-13 06:04:49.289711818,approved,lower_fee
159,3665,8,2024-09-16 02:09:50.286333323,approved,international_payments
313,2313,1,2024-09-17 07:22:20.974363610,approved,lower_fee
586,3067,4,2024-09-18 10:03:11.195856594,in_progress,higher_conversion
296,658,1,2024-09-20 22:23:19.155459238,approved,provider_backup
19,1745,6,2024-09-22 19:15:19.404450163,approved,higher_conversion
441,3674,6,2024-09-26 00:13:48.635687634,approved,lower_fee
716,1872,7,2024-09-26 11:01:51.466449790,approved,lower_fee
87,764,8,2024-09-26 14:16:09.111357545,approved,international_payments
70,4725,8,2024-09-27 15:36:41.045388512,approved,international_payments
701,4730,1,2024-10-03 11:56:12.637411317,new,higher_conversion
407,1875,4,2024-10-03 20:17:07.532243416,new,higher_conversion
261,1590,7,2024-10-03 21:34:26.850264500,rejected,higher_conversion
11,2465,6,2024-10-08 01:06:54.390345728,approved,lower_fee
371,3946,6,2024-10-10 21:25:25.652391918,in_progress,higher_conversion
45,839,2,2024-10-10 23:29:07.152645752,rejected,additional_payment_methods
167,1053,6,2024-10-11 23:09:09.653534651,approved,lower_fee
68,2216,1,2024-10-15 15:19:47.409836587,approved,additional_payment_methods
827,928,7,2024-10-17 00:04:38.206581257,approved,additional_payment_methods
1000,1927,8,2024-10-17 10:07:36.119843055,rejected,additional_payment_methods
432,4411,4,2024-10-17 16:57:10.281931590,rejected,additional_payment_methods
685,4094,5,2024-10-18 18:59:19.615708813,in_progress,higher_conversion
805,2419,6,2024-10-21 09:01:02.736325234,in_progress,higher_conversion
830,3546,8,2024-10-21 13:58:37.481707700,approved,lower_fee
633,239,5,2024-10-23 01:08:03.138663840,approved,higher_conversion
55,1145,7,2024-10-23 02:52:50.618334115,approved,higher_conversion
331,3942,3,2024-10-23 10:03:57.288967900,approved,lower_fee
449,222,3,2024-10-25 09:49:16.783472137,approved,higher_conversion
570,3867,6,2024-10-25 16:06:15.841874331,new,lower_fee
283,732,5,2024-10-26 12:52:35.800339479,in_progress,lower_fee
119,241,2,2024-10-28 19:26:40.824372455,approved,lower_fee
991,945,7,2024-10-29 01:15:34.479270898,approved,lower_fee
484,3348,6,2024-10-30 18:48:37.205141447,approved,installments
121,1371,1,2024-10-31 11:47:31.579808787,approved,higher_conversion
475,2949,8,2024-11-06 08:53:12.418250147,in_progress,provider_backup
672,196,1,2024-11-06 11:25:21.967298031,approved,additional_payment_methods
425,2147,8,2024-11-06 21:35:55.811775863,new,lower_fee
13,916,6,2024-11-09 01:44:05.010706931,new,provider_backup
436,2908,7,2024-11-10 04:51:45.466898702,new,lower_fee
498,368,8,2024-11-10 07:02:07.530281745,in_progress,higher_conversion
204,4329,7,2024-11-12 23:14:45.404020675,approved,additional_payment_methods
272,1262,6,2024-11-15 20:59:17.144316256,in_progress,higher_conversion
504,4481,6,2024-11-17 16:11:05.461205453,approved,lower_fee
877,3086,8,2024-11-17 16:49:39.820901110,in_progress,higher_conversion
406,2122,2,2024-11-18 08:35:10.118235517,approved,higher_conversion
821,953,1,2024-11-20 21:30:18.342434905,in_progress,lower_fee
409,388,3,2024-11-20 22:45:34.494507127,approved,higher_conversion
520,4360,8,2024-11-21 06:07:44.010219246,rejected,international_payments
462,890,6,2024-11-21 18:58:17.326378800,rejected,international_payments
352,3919,3,2024-11-22 06:47:50.728248984,approved,installments
596,1026,7,2024-11-22 20:56:18.736725050,in_progress,additional_payment_methods
842,309,8,2024-11-23 21:05:29.057255689,approved,lower_fee
557,4526,4,2024-11-24 23:31:32.734983388,approved,lower_fee
181,4625,3,2024-11-26 00:59:38.762905486,in_progress,higher_conversion
328,506,1,2024-11-27 15:04:10.646053538,approved,installments
764,3270,5,2024-12-03 06:06:31.530377746,approved,additional_payment_methods
303,3226,8,2024-12-04 21:03:21.544879123,in_progress,lower_fee
420,2810,6,2024-12-05 00:52:36.186988689,new,international_payments
107,932,6,2024-12-07 09:10:13.840380199,rejected,provider_backup
284,1232,3,2024-12-08 12:30:12.228676438,new,higher_conversion
561,4282,6,2024-12-08 19:55:20.779507644,in_progress,additional_payment_methods
671,3605,3,2024-12-09 01:30:55.113718376,approved,additional_payment_methods
708,252,3,2024-12-10 18:15:22.984403810,in_progress,provider_backup
357,3246,3,2024-12-11 01:10:24.822723318,rejected,lower_fee
799,4675,2,2024-12-13 04:04:38.671585295,approved,additional_payment_methods
469,4812,5,2024-12-17 11:15:35.754661888,approved,additional_payment_methods
20,1085,6,2024-12-17 15:32:55.823541358,rejected,lower_fee
874,4347,8,2024-12-18 16:40:23.849144302,approved,international_payments
990,4940,4,2024-12-21 17:22:40.421143815,rejected,provider_backup
839,2703,6,2024-12-22 14:37:31.715029906,in_progress,additional_payment_methods
217,4839,8,2024-12-22 21:55:22.241125058,approved,additional_payment_methods
508,735,6,2024-12-22 21:59:08.947965866,approved,additional_payment_methods
722,1057,8,2024-12-22 22:37:59.803281009,rejected,lower_fee
359,1188,7,2024-12-23 18:37:51.010746256,in_progress,installments
580,3902,5,2024-12-24 00:59:10.733148254,approved,lower_fee
803,2310,4,2024-12-24 04:12:46.043891279,approved,provider_backup
2,2587,6,2024-12-25 16:02:32.357980068,new,additional_payment_methods
890,4060,7,2024-12-27 20:47:30.088444169,approved,lower_fee
265,1486,1,2024-12-27 21:05:10.595121667,approved,international_payments
980,3647,3,2024-12-30 10:04:42.747911304,new,international_payments
889,669,2,2024-12-31 05:03:14.162617298,in_progress,lower_fee
57,1104,3,2025-01-04 08:05:20.704391062,approved,lower_fee
689,4259,2,2025-01-05 18:51:49.221042290,rejected,additional_payment_methods
768,2795,2,2025-01-05 23:02:45.432093926,approved,installments
702,4055,5,2025-01-06 11:37:36.256605633,approved,lower_fee
152,3908,3,2025-01-09 02:49:58.335562780,approved,additional_payment_methods
964,1558,3,2025-01-10 16:30:45.021230131,approved,higher_conversion
259,427,3,2025-01-11 02:20:16.728877014,rejected,installments
783,4036,5,2025-01-11 23:41:18.050477058,approved,installments
251,4702,1,2025-01-12 03:05:10.666628160,rejected,additional_payment_methods
253,1653,6,2025-01-14 15:17:45.688643984,approved,installments
109,4525,7,2025-01-15 08:44:36.676277429,rejected,lower_fee
631,1341,4,2025-01-16 21:09:32.343285326,approved,provider_backup
48,4636,1,2025-01-18 16:26:29.886763535,approved,higher_conversion
81,3322,2,2025-01-19 20:33:54.082363412,rejected,international_payments
224,3275,2,2025-01-20 19:06:48.639096871,approved,lower_fee
304,1406,4,2025-01-21 12:07:14.912108798,approved,lower_fee
975,2926,6,2025-01-24 07:19:45.783332632,approved,higher_conversion
320,3536,7,2025-01-25 11:30:37.602322588,approved,provider_backup
490,678,7,2025-01-26 20:34:02.300054267,new,higher_conversion
784,2663,5,2025-01-27 03:42:28.337010283,approved,additional_payment_methods
377,3236,6,2025-01-27 06:11:49.714484960,approved,higher_conversion
330,4256,4,2025-01-30 02:12:04.376832403,rejected,lower_fee
16,3544,4,2025-01-31 05:16:11.510303782,approved,additional_payment_methods
34,4867,8,2025-02-02 01:09:56.687511988,approved,additional_payment_methods
604,4588,1,2025-02-02 14:15:06.886036135,rejected,lower_fee
312,3626,3,2025-02-04 21:53:09.886218339,new,installments
405,3631,6,2025-02-07 01:02:06.617262349,new,lower_fee
761,3726,7,2025-02-07 18:34:54.788667962,approved,lower_fee
156,9,3,2025-02-09 21:02:12.083126932,rejected,additional_payment_methods
845,367,8,2025-02-11 05:13:43.872105603,in_progress,higher_conversion
899,3393,8,2025-02-11 21:34:18.307480127,in_progress,installments
908,215,5,2025-02-12 11:11:31.536737844,in_progress,additional_payment_methods
502,3780,3,2025-02-14 18:46:11.437239550,in_progress,provider_backup
315,1619,6,2025-02-15 10:16:06.855785247,rejected,additional_payment_methods
992,1269,2,2025-02-16 21:49:07.768894598,rejected,additional_payment_methods
622,3254,7,2025-02-18 09:55:06.051897872,approved,provider_backup
6,107,4,2025-02-19 01:51:35.375282198,approved,lower_fee
362,91,4,2025-02-20 05:27:03.354997311,approved,higher_conversion
847,2079,1,2025-02-20 06:29:25.720930780,approved,installments
267,2481,3,2025-02-20 15:43:23.289086347,in_progress,additional_payment_methods
363,3730,1,2025-02-23 11:18:19.688128799,rejected,additional_payment_methods
373,1542,5,2025-02-23 11:37:10.082547367,approved,international_payments
289,1935,6,2025-02-23 13:06:11.116553247,approved,higher_conversion
127,2221,2,2025-02-23 15:44:06.042595992,new,higher_conversion
279,3687,8,2025-02-24 12:27:12.726993514,rejected,lower_fee
694,2461,5,2025-02-27 09:57:31.721996985,rejected,higher_conversion
264,4484,5,2025-02-27 18:52:52.899118543,approved,lower_fee
106,249,6,2025-03-02 00:22:15.951273315,approved,higher_conversion
536,3587,8,2025-03-05 05:10:07.685369678,in_progress,additional_payment_methods
73,228,1,2025-03-05 23:38:13.917374425,approved,installments
396,2754,4,2025-03-08 02:41:58.708204113,in_progress,additional_payment_methods
675,1946,6,2025-03-08 11:15:55.107371688,approved,provider_backup
656,2298,8,2025-03-09 02:25:34.333563432,rejected,lower_fee
864,4651,7,2025-03-10 02:18:53.081688367,new,international_payments
856,219,5,2025-03-10 08:36:23.429431282,in_progress,international_payments
926,3502,2,2025-03-10 14:04:49.676001588,approved,additional_payment_methods
804,1437,7,2025-03-11 08:06:53.309782535,in_progress,lower_fee
855,2522,2,2025-03-11 18:12:14.611386575,approved,higher_conversion
896,3193,3,2025-03-14 09:27:36.073648065,approved,lower_fee
426,4976,7,2025-03-15 07:03:21.229895597,approved,international_payments
648,4253,4,2025-03-15 18:00:49.604867030,new,installments
274,13,4,2025-03-16 01:53:38.589163978,in_progress,international_payments
12,229,8,2025-03-19 04:11:01.647836790,approved,installments
31,1963,5,2025-03-20 09:19:35.744924694,approved,additional_payment_methods
46,3907,8,2025-03-20 15:03:22.700419582,approved,additional_payment_methods
939,140,3,2025-03-22 01:11:55.808369860,approved,provider_backup
285,1635,6,2025-03-22 05:29:19.282817625,in_progress,lower_fee
10,1601,6,2025-03-22 08:58:41.393511906,approved,lower_fee
335,486,1,2025-03-22 17:42:45.014143270,in_progress,installments
534,292,4,2025-03-23 03:57:21.474924020,new,international_payments
554,585,8,2025-03-24 06:39:15.426145805,approved,installments
256,878,6,2025-03-24 11:39:52.073369239,rejected,international_payments
597,3110,1,2025-03-27 08:37:07.076414324,approved,international_payments
684,3746,3,2025-03-28 11:08:20.259567826,approved,lower_fee
213,3654,8,2025-03-28 11:32:50.886061240,approved,lower_fee
293,2330,7,2025-03-29 13:00:23.877448227,approved,lower_fee
268,2585,4,2025-03-30 13:06:46.708998408,approved,international_payments
732,603,6,2025-04-01 21:34:54.121115795,new,installments
807,3099,8,2025-04-03 00:19:06.089152429,approved,lower_fee
351,3037,4,2025-04-03 18:43:55.719848506,approved,higher_conversion
837,4982,7,2025-04-04 06:04:12.510220766,new,provider_backup
83,4184,4,2025-04-05 08:14:31.266239166,approved,installments
370,4464,2,2025-04-06 18:07:10.089072421,in_progress,provider_backup
852,20,2,2025-04-06 23:31:26.378636472,new,higher_conversion
337,806,7,2025-04-07 14:00:43.879424773,approved,additional_payment_methods
931,69,2,2025-04-07 19:35:03.732751958,approved,higher_conversion
851,1747,7,2025-04-11 17:21:24.839027047,new,additional_payment_methods
205,3296,6,2025-04-11 23:56:33.292776689,in_progress,additional_payment_methods
27,4067,4,2025-04-15 00:31:57.701005261,approved,higher_conversion
185,2805,5,2025-04-15 07:44:50.261293076,approved,lower_fee
341,4254,6,2025-04-16 11:18:44.388034206,approved,lower_fee
506,48,3,2025-04-18 08:46:25.742176067,new,additional_payment_methods
747,606,3,2025-04-18 11:41:48.373345809,in_progress,lower_fee
687,121,3,2025-04-19 23:28:44.275357559,approved,installments
952,4735,5,2025-04-22 03:49:45.886344984,approved,additional_payment_methods
329,4153,3,2025-04-24 11:37:13.514170825,approved,international_payments
730,2655,7,2025-04-25 07:23:10.961388132,in_progress,lower_fee
99,374,8,2025-04-25 12:28:02.207200695,approved,higher_conversion
90,3850,7,2025-04-26 01:12:16.996373385,approved,lower_fee
591,3751,2,2025-04-26 01:16:48.983032376,approved,higher_conversion
583,1213,3,2025-04-26 11:14:39.814972728,approved,lower_fee
985,3149,4,2025-04-27 11:46:25.695254996,approved,international_payments
760,3255,7,2025-04-27 12:28:05.892148569,new,lower_fee
125,2281,8,2025-04-28 23:30:00.296481654,approved,higher_conversion
901,760,8,2025-04-29 18:10:55.539592914,approved,lower_fee
221,1648,1,2025-04-30 09:16:19.353901345,approved,lower_fee
112,1091,3,2025-05-02 00:46:44.771783954,approved,international_payments
755,3923,3,2025-05-02 04:03:48.994768299,approved,lower_fee
942,4024,6,2025-05-03 04:17:28.930079073,in_progress,lower_fee
946,1540,8,2025-05-03 07:00:09.297150993,new,international_payments
553,3989,1,2025-05-05 07:56:07.327194716,rejected,lower_fee
698,1393,8,2025-05-05 10:36:48.252618997,in_progress,international_payments
634,3401,7,2025-05-06 03:58:51.512333997,approved,lower_fee
657,3829,6,2025-05-06 10:18:17.866263412,approved,provider_backup
880,1033,6,2025-05-07 20:05:11.192801511,in_progress,international_payments
182,2887,6,2025-05-09 04:18:40.003503673,approved,lower_fee
133,1974,7,2025-05-10 22:47:43.835373861,approved,higher_conversion
875,3479,5,2025-05-11 04:10:03.932947621,in_progress,lower_fee
801,2830,2,2025-05-12 12:18:21.331465427,approved,higher_conversion
23,1118,6,2025-05-14 01:58:34.057569420,approved,additional_payment_methods
400,3107,5,2025-05-14 02:25:19.708103319,rejected,installments
417,110,4,2025-05-16 18:24:53.154953018,new,lower_fee
465,2560,5,2025-05-17 13:42:13.548670143,approved,lower_fee
923,1331,3,2025-05-18 06:00:43.932867538,in_progress,additional_payment_methods
588,2101,1,2025-05-18 13:47:35.647514764,approved,provider_backup
887,4653,8,2025-05-18 17:51:37.908885777,approved,higher_conversion
606,3671,2,2025-05-20 13:57:03.685705896,approved,additional_payment_methods
667,535,4,2025-05-20 20:26:58.268696245,approved,higher_conversion
576,4881,5,2025-05-21 12:23:01.958196670,rejected,lower_fee
297,2375,6,2025-05-23 01:27:58.892978013,approved,additional_payment_methods
903,4441,7,2025-05-24 06:37:33.475568764,approved,lower_fee
334,1184,7,2025-05-27 22:10:44.644445926,new,additional_payment_methods
589,808,5,2025-05-30 16:44:24.762819378,approved,installments
518,96,3,2025-05-31 17:36:21.920733958,approved,lower_fee
394,70,5,2025-06-01 19:51:49.048464391,approved,higher_conversion
273,4918,8,2025-06-02 16:20:52.883076772,approved,higher_conversion
637,1095,2,2025-06-03 04:03:41.102184519,approved,lower_fee
309,288,6,2025-06-04 07:32:58.396793950,rejected,international_payments
767,1011,4,2025-06-04 12:49:20.085783854,approved,installments
636,811,5,2025-06-04 19:47:17.599967539,approved,international_payments
530,4926,4,2025-06-06 09:32:57.734770514,approved,installments
80,3753,2,2025-06-13 05:46:24.568708114,new,additional_payment_methods
154,4903,2,2025-06-14 10:45:42.556610830,in_progress,higher_conversion
948,2060,6,2025-06-15 13:12:53.968452916,rejected,provider_backup
413,2624,5,2025-06-16 13:38:25.423650369,approved,provider_backup
439,178,3,2025-06-17 06:57:10.665001169,in_progress,lower_fee
885,518,7,2025-06-17 07:58:23.631674662,rejected,installments
947,1695,6,2025-06-17 13:05:13.216165130,approved,additional_payment_methods
585,1426,4,2025-06-18 08:24:47.233607829,approved,higher_conversion
344,2222,2,2025-06-21 01:35:57.595796779,approved,lower_fee
644,2296,7,2025-06-22 03:16:39.016462356,approved,international_payments
360,1962,8,2025-06-22 09:20:46.241868585,approved,installments
678,1433,4,2025-06-25 01:49:51.898865409,approved,installments
748,897,3,2025-06-25 08:43:39.540838148,approved,additional_payment_methods
995,4425,7,2025-06-30 14:49:37.235917864,in_progress,lower_fee
108,1336,5,2025-07-02 00:27:08.648435421,approved,installments
47,3774,5,2025-07-02 00:44:50.894632638,approved,international_payments
862,3434,8,2025-07-02 20:02:29.478535064,approved,lower_fee
759,4204,1,2025-07-03 04:15:03.913375571,approved,lower_fee
710,3560,7,2025-07-03 07:21:51.462101363,in_progress,higher_conversion
802,1505,8,2025-07-03 10:16:43.742805917,approved,additional_payment_methods
786,2958,1,2025-07-05 03:50:58.515684888,approved,additional_payment_methods
290,554,7,2025-07-06 00:02:20.320890460,rejected,international_payments
723,857,3,2025-07-09 02:11:41.816646513,rejected,higher_conversion
58,169,8,2025-07-09 05:55:49.639994368,in_progress,higher_conversion
146,3239,8,2025-07-11 05:36:48.354518041,approved,additional_payment_methods
385,1324,2,2025-07-11 07:52:07.722361334,approved,lower_fee
126,4750,3,2025-07-12 21:11:39.208391666,approved,international_payments
815,3461,4,2025-07-14 06:18:05.235390693,approved,lower_fee
178,3497,7,2025-07-15 03:00:23.104821745,approved,lower_fee
617,1457,2,2025-07-16 00:10:38.091367245,new,international_payments
288,3269,6,2025-07-17 04:05:25.596957162,approved,provider_backup
902,3380,1,2025-07-17 04:21:41.567260675,approved,lower_fee
695,1955,2,2025-07-17 14:58:18.910524391,in_progress,lower_fee
910,4459,1,2025-07-18 14:44:29.401530564,approved,higher_conversion
623,597,3,2025-07-19 05:49:06.587720949,approved,higher_conversion
92,469,8,2025-07-20 05:12:44.036241550,approved,lower_fee
811,843,7,2025-07-20 21:00:50.791888461,approved,installments
37,3586,5,2025-07-21 16:53:25.310168892,approved,higher_conversion
936,97,6,2025-07-21 19:58:12.264547274,rejected,higher_conversion
258,2017,1,2025-07-21 21:47:24.271247417,in_progress,lower_fee
921,4668,3,2025-07-22 22:49:38.438607112,approved,provider_backup
131,4257,8,2025-07-23 08:07:42.817022097,in_progress,higher_conversion
595,4742,4,2025-07-23 08:16:20.520818595,approved,higher_conversion
822,4943,5,2025-07-24 14:47:39.316589426,approved,installments
950,2331,7,2025-07-25 19:24:00.764413595,approved,installments
203,2768,2,2025-07-25 20:34:02.722182659,approved,additional_payment_methods
711,4012,8,2025-07-26 04:14:08.181157231,new,international_payments
111,1407,8,2025-07-26 10:44:13.761825748,approved,installments
246,1832,6,2025-07-26 18:13:54.114284433,approved,lower_fee
996,4712,2,2025-07-27 16:11:16.423821978,new,higher_conversion
190,1887,2,2025-07-28 03:14:37.252409286,approved,higher_conversion
430,539,5,2025-07-28 03:47:08.801082881,approved,higher_conversion
941,2603,5,2025-07-28 20:31:27.260453231,approved,lower_fee
191,682,5,2025-07-29 16:52:28.696282201,approved,higher_conversion
772,1174,8,2025-08-01 14:31:50.061298566,in_progress,higher_conversion
5,706,6,2025-08-04 10:55:51.438483994,approved,installments
823,3054,6,2025-08-06 06:46:38.460366011,approved,lower_fee
318,2643,4,2025-08-06 14:35:53.853844821,rejected,installments
197,830,1,2025-08-06 16:36:36.806590963,approved,lower_fee
36,2516,8,2025-08-06 21:10:43.501807633,approved,provider_backup
464,3317,1,2025-08-07 23:39:50.649382457,approved,lower_fee
635,2068,8,2025-08-10 12:26:23.286658362,approved,lower_fee
733,3823,2,2025-08-11 10:43:14.014894063,in_progress,higher_conversion
787,3928,7,2025-08-13 03:53:03.242820904,approved,installments
826,1490,3,2025-08-14 01:36:09.396558102,in_progress,installments
342,4059,8,2025-08-16 12:32:46.757700752,rejected,provider_backup
254,1484,1,2025-08-17 19:38:15.132724038,in_progress,lower_fee
69,3683,2,2025-08-17 21:32:04.274929862,approved,higher_conversion
397,1633,3,2025-08-19 06:44:51.770559166,in_progress,lower_fee
904,2527,3,2025-08-19 19:21:50.493544411,new,lower_fee
567,3812,6,2025-08-23 23:38:26.742512241,rejected,provider_backup
771,2230,4,2025-08-24 05:48:32.015601225,new,higher_conversion
577,1127,8,2025-08-24 07:08:56.710390568,rejected,provider_backup
956,451,6,2025-08-24 13:30:21.953703791,in_progress,provider_backup
523,1102,4,2025-08-26 19:50:07.047609269,approved,higher_conversion
419,3430,1,2025-08-28 22:40:39.857377358,rejected,provider_backup
682,645,5,2025-08-29 04:23:54.856799118,approved,installments
245,1322,7,2025-08-29 04:51:08.603318989,new,lower_fee
298,2226,7,2025-08-29 13:07:08.113128603,in_progress,provider_backup
17,1074,6,2025-09-01 05:17:28.105690585,approved,additional_payment_methods
618,747,7,2025-09-02 00:38:06.278733185,new,lower_fee
608,2797,6,2025-09-02 04:07:04.351587208,approved,higher_conversion
94,1296,1,2025-09-03 01:44:20.072415290,approved,installments
340,1198,7,2025-09-03 14:09:57.085519738,approved,higher_conversion
769,2906,5,2025-09-03 14:57:30.926935688,new,lower_fee
218,34,3,2025-09-04 14:27:11.729983510,approved,international_payments
353,1273,7,2025-09-05 17:38:37.453268047,approved,higher_conversion
538,3608,5,2025-09-05 21:59:01.286703441,approved,additional_payment_methods
275,1834,8,2025-09-07 21:02:38.697468027,approved,lower_fee
797,46,7,2025-09-08 03:54:31.872347809,approved,international_payments
555,2424,4,2025-09-09 07:29:55.361155689,approved,installments
773,1833,1,2025-09-10 03:01:29.589000821,approved,additional_payment_methods
763,1559,6,2025-09-10 09:02:23.478834718,approved,additional_payment_methods
101,1554,1,2025-09-10 13:14:59.826165348,rejected,lower_fee
76,2139,2,2025-09-10 17:29:20.269581497,approved,additional_payment_methods
30,487,8,2025-09-11 06:19:47.103474390,approved,additional_payment_methods
516,1109,6,2025-09-11 17:57:55.626102380,approved,lower_fee
537,534,7,2025-09-11 21:41:34.969465695,rejected,lower_fee
798,3410,7,2025-09-11 22:04:35.988798767,approved,international_payments
222,734,6,2025-09-12 04:55:06.739243906,approved,lower_fee
832,1922,1,2025-09-12 14:13:42.429548223,approved,lower_fee
642,3104,7,2025-09-13 23:31:03.470452406,approved,higher_conversion
915,3859,2,2025-09-15 03:05:30.242433736,in_progress,lower_fee
779,1159,8,2025-09-16 05:09:35.997841135,new,installments
139,965,7,2025-09-16 14:44:57.058388561,approved,lower_fee
961,1570,1,2025-09-17 07:48:12.619328015,approved,lower_fee
134,1376,8,2025-09-22 15:21:49.287389759,in_progress,higher_conversion
843,1676,3,2025-09-23 23:18:04.485107683,approved,higher_conversion
683,1050,2,2025-09-24 08:58:48.333517924,approved,lower_fee
863,2526,5,2025-09-24 17:35:42.212085150,approved,installments
938,3354,4,2025-09-26 11:43:15.957027808,approved,additional_payment_methods
551,3257,3,2025-09-27 08:10:11.333672764,new,additional_payment_methods
302,472,6,2025-09-27 13:41:20.470282055,new,lower_fee
766,757,4,2025-09-29 07:17:34.018121797,approved,higher_conversion
40,2100,7,2025-09-30 06:22:13.759631978,approved,international_payments
616,2174,8,2025-10-02 17:16:20.192708075,new,higher_conversion
278,2728,6,2025-10-03 06:41:54.391561781,new,higher_conversion
987,2776,2,2025-10-04 03:50:15.338174518,approved,lower_fee
579,3251,4,2025-10-04 18:23:02.214328612,approved,provider_backup
512,2520,7,2025-10-05 01:54:56.654558220,rejected,additional_payment_methods
212,1000,3,2025-10-05 16:34:00.402400795,approved,lower_fee
977,3228,6,2025-10-05 22:23:46.156419590,approved,higher_conversion
528,3143,3,2025-10-06 01:33:03.823037481,approved,provider_backup
389,1243,7,2025-10-07 14:48:26.977036253,approved,international_payments
933,1816,4,2025-10-09 11:44:47.316251842,approved,lower_fee
966,4665,6,2025-10-10 15:05:47.162306789,approved,lower_fee
703,3138,2,2025-10-12 12:00:43.034028050,approved,lower_fee
497,545,3,2025-10-12 23:51:25.272193320,new,higher_conversion
762,1261,7,2025-10-13 11:49:37.448304011,approved,higher_conversion
14,795,2,2025-10-13 18:04:41.731368124,approved,provider_backup
244,4078,8,2025-10-15 02:10:58.343136800,approved,additional_payment_methods
248,1418,6,2025-10-15 09:23:56.969047353,in_progress,higher_conversion
686,4404,7,2025-10-15 14:23:40.301471982,in_progress,international_payments
202,765,1,2025-10-15 15:40:09.245437477,approved,lower_fee
437,2255,8,2025-10-16 06:12:32.069781430,approved,international_payments
609,4292,4,2025-10-17 17:55:09.113372960,rejected,lower_fee
50,2660,3,2025-10-17 18:44:03.669080839,approved,higher_conversion
859,4175,1,2025-10-18 07:39:04.660871192,approved,lower_fee
391,1579,4,2025-10-19 21:54:01.556465946,approved,lower_fee
491,355,7,2025-10-19 22:50:53.018600350,approved,higher_conversion
206,2195,1,2025-10-19 23:10:21.266570254,in_progress,lower_fee
792,1722,3,2025-10-20 23:03:22.797591154,approved,higher_conversion
41,3600,8,2025-10-22 17:26:04.111639886,approved,international_payments
704,2670,7,2025-10-24 02:49:03.888027079,approved,additional_payment_methods
466,3575,4,2025-10-24 22:16:37.183964044,approved,lower_fee
443,2562,6,2025-10-25 04:24:29.395899609,approved,provider_backup
319,4803,7,2025-10-25 22:25:00.251854226,approved,provider_backup
659,1136,7,2025-10-26 16:10:55.644639172,rejected,lower_fee
922,1544,7,2025-10-26 18:38:21.745651431,approved,higher_conversion
294,2196,1,2025-10-26 23:52:59.179405935,approved,lower_fee
590,4744,5,2025-10-28 09:54:37.767275726,approved,lower_fee
545,4173,5,2025-10-28 13:05:50.060425468,approved,additional_payment_methods
166,3592,6,2025-10-29 14:43:54.212489307,in_progress,additional_payment_methods
32,394,2,2025-10-29 19:44:04.686118111,approved,additional_payment_methods
891,3027,2,2025-10-30 01:48:22.212084636,approved,higher_conversion
401,1075,7,2025-10-30 08:29:49.725416802,approved,lower_fee
418,4996,8,2025-11-01 21:02:58.330062643,approved,lower_fee
824,4560,5,2025-11-02 00:09:34.991982073,approved,higher_conversion
62,4396,5,2025-11-02 03:56:18.498331327,in_progress,additional_payment_methods
423,2373,2,2025-11-04 05:03:16.168934832,approved,lower_fee
60,2571,6,2025-11-04 18:25:41.465328857,approved,international_payments
888,3733,3,2025-11-04 22:10:30.268714711,approved,lower_fee
314,4924,2,2025-11-05 01:12:05.727631584,approved,lower_fee
778,379,8,2025-11-05 18:01:07.097908610,new,lower_fee
754,4827,8,2025-11-07 18:39:51.240560442,new,lower_fee
291,492,5,2025-11-07 22:58:41.150972873,approved,provider_backup
214,2484,4,2025-11-08 20:58:06.463470547,rejected,higher_conversion
7,590,6,2025-11-09 08:43:26.503191831,approved,lower_fee
480,220,2,2025-11-09 09:06:22.718140125,in_progress,lower_fee
746,2935,1,2025-11-12 05:07:41.948583961,approved,lower_fee
785,4013,2,2025-11-12 16:59:41.302539937,rejected,additional_payment_methods
974,1306,2,2025-11-13 21:44:11.549810354,approved,lower_fee
338,556,2,2025-11-14 00:28:45.542567372,approved,international_payments
438,3913,7,2025-11-14 00:31:12.527807578,approved,higher_conversion
446,1655,6,2025-11-16 22:51:06.155318283,approved,provider_backup
886,1748,1,2025-11-17 03:18:03.484647050,approved,installments
680,3096,8,2025-11-17 11:22:54.282846346,in_progress,international_payments
568,1868,2,2025-11-19 06:37:56.060670689,approved,international_payments
194,4667,4,2025-11-19 20:40:36.834071681,approved,lower_fee
455,4687,6,2025-11-22 19:06:44.230824813,rejected,higher_conversion
643,2750,5,2025-11-23 01:08:35.439345881,approved,installments
976,3271,8,2025-11-23 14:58:21.668655351,approved,additional_payment_methods
676,3248,8,2025-11-23 16:24:08.837096252,rejected,higher_conversion
934,569,1,2025-11-24 14:48:46.724436566,approved,lower_fee
193,3945,3,2025-11-25 22:58:10.453150406,approved,lower_fee
582,4546,6,2025-11-27 01:23:49.916424919,rejected,lower_fee
201,3892,4,2025-11-28 01:25:58.945584208,approved,lower_fee
758,2537,6,2025-11-28 15:55:14.871998832,rejected,lower_fee
569,2615,4,2025-11-29 00:19:32.734962454,in_progress,higher_conversion
745,4893,5,2025-12-01 19:42:33.365282074,rejected,lower_fee
492,1434,2,2025-12-03 07:02:47.552019089,approved,additional_payment_methods
29,4685,8,2025-12-04 19:56:12.534877057,approved,lower_fee
135,3969,3,2025-12-05 09:19:38.902995296,in_progress,international_payments
868,2998,5,2025-12-05 11:19:35.828491747,approved,lower_fee
892,4933,8,2025-12-05 12:04:44.737962108,approved,additional_payment_methods
189,531,4,2025-12-06 03:56:06.738738760,approved,higher_conversion
386,1551,1,2025-12-06 05:46:30.402597877,approved,installments
388,316,4,2025-12-06 19:03:16.703616148,approved,international_payments
660,1205,8,2025-12-08 07:19:05.264265060,rejected,lower_fee
575,71,6,2025-12-09 00:21:40.092664585,rejected,lower_fee
592,1363,1,2025-12-09 22:43:03.818149891,in_progress,installments
67,3341,6,2025-12-10 18:22:42.352354401,approved,lower_fee
959,4723,4,2025-12-11 10:39:35.813570876,approved,lower_fee
712,1508,8,2025-12-11 18:29:38.124564532,in_progress,lower_fee
531,2925,6,2025-12-12 05:30:59.624678675,new,lower_fee
971,1787,5,2025-12-12 12:18:10.123993581,approved,international_payments
940,4955,3,2025-12-12 16:01:12.256483296,approved,additional_payment_methods
3,2654,6,2025-12-12 16:37:05.029946517,new,higher_conversion
547,3666,1,2025-12-13 02:46:51.772058859,approved,lower_fee
447,2329,3,2025-12-14 13:48:21.184480496,rejected,lower_fee
33,4843,4,2025-12-14 21:00:57.483577326,approved,provider_backup
171,3419,5,2025-12-15 07:36:42.670766894,approved,lower_fee
955,626,4,2025-12-16 21:03:38.761136875,approved,provider_backup
514,997,4,2025-12-17 01:58:59.244443215,approved,lower_fee
240,4864,4,2025-12-17 02:35:43.030068621,in_progress,international_payments
612,4567,7,2025-12-18 12:00:35.502068274,approved,lower_fee
143,4879,5,2025-12-18 22:27:26.060152499,approved,lower_fee
610,4969,7,2025-12-21 21:55:29.215879112,approved,international_payments
836,2722,1,2025-12-22 05:49:16.583799675,approved,provider_backup
148,3581,7,2025-12-23 06:56:00.653720200,approved,lower_fee
89,4798,4,2025-12-23 23:41:33.098153405,new,international_payments
326,978,7,2025-12-24 13:36:07.754417785,rejected,higher_conversion
65,24,2,2025-12-24 13:41:40.412006009,in_progress,international_payments
562,3339,5,2025-12-24 23:16:16.639023274,approved,higher_conversion
395,860,6,2025-12-25 03:45:06.503180183,approved,lower_fee
756,299,7,2025-12-25 06:46:47.887823191,approved,lower_fee
962,1035,4,2025-12-25 22:10:51.309259016,in_progress,provider_backup
960,2985,7,2025-12-26 10:45:20.307266135,approved,additional_payment_methods
435,2054,2,2025-12-28 14:03:54.626929019,rejected,additional_payment_methods
800,1076,5,2025-12-29 02:07:49.936880913,rejected,international_payments
776,3617,3,2025-12-31 13:28:16.469163388,approved,provider_backup
507,1361,8,2026-01-01 08:07:02.520739128,in_progress,additional_payment_methods
900,3486,6,2026-01-03 02:17:55.240071483,new,international_payments
374,2032,8,2026-01-03 09:36:40.840509139,approved,international_payments
169,3009,3,2026-01-03 12:07:01.393222123,approved,higher_conversion
828,1210,8,2026-01-03 17:43:29.169788070,rejected,provider_backup
21,927,3,2026-01-05 02:35:13.945762634,new,international_payments
500,3551,3,2026-01-05 14:59:29.232471172,approved,additional_payment_methods
873,204,2,2026-01-05 15:14:23.982627906,rejected,higher_conversion
988,193,5,2026-01-05 21:08:27.948295454,approved,international_payments
292,2963,8,2026-01-06 04:15:36.406996414,approved,additional_payment_methods
967,151,5,2026-01-07 12:26:36.454727318,rejected,international_payments
587,4520,7,2026-01-09 03:56:12.799462542,rejected,lower_fee
175,473,6,2026-01-09 10:56:15.118333641,new,higher_conversion
433,1873,4,2026-01-09 16:11:15.451127820,in_progress,international_payments
738,829,7,2026-01-09 20:40:16.928230345,approved,lower_fee
650,4191,8,2026-01-10 05:52:16.750294650,approved,additional_payment_methods
120,2352,1,2026-01-10 22:55:28.777782664,in_progress,higher_conversion
177,4075,5,2026-01-11 01:53:38.784074496,rejected,additional_payment_methods
472,2673,1,2026-01-11 07:16:50.932283379,approved,higher_conversion
233,1256,2,2026-01-11 11:08:10.317800120,approved,provider_backup
740,275,7,2026-01-11 14:09:15.370747149,approved,lower_fee
599,1042,2,2026-01-11 16:06:47.767591000,rejected,additional_payment_methods
456,1293,1,2026-01-12 14:38:47.699025646,approved,lower_fee
994,2308,8,2026-01-13 23:14:47.220330313,approved,lower_fee
301,133,8,2026-01-14 14:19:14.793914080,approved,higher_conversion
989,4850,5,2026-01-16 00:16:37.366432920,new,lower_fee
527,4255,5,2026-01-17 06:15:22.205051024,rejected,lower_fee
118,2095,7,2026-01-17 15:02:28.060014799,approved,lower_fee
368,430,8,2026-01-21 00:53:05.898876630,in_progress,lower_fee
935,2168,1,2026-01-22 10:22:17.480395392,approved,lower_fee
93,158,3,2026-01-22 13:14:04.238830388,approved,lower_fee
777,799,3,2026-01-23 08:59:55.457014501,approved,international_payments
477,2759,6,2026-01-25 02:50:33.816313609,in_progress,lower_fee
510,2005,8,2026-01-25 22:48:14.457212389,approved,additional_payment_methods
817,2285,6,2026-01-26 07:22:39.771353245,approved,lower_fee
984,3023,5,2026-01-26 15:40:51.702971324,approved,higher_conversion
603,1193,8,2026-01-28 12:47:10.688675784,approved,lower_fee
581,1096,2,2026-01-29 12:15:05.278285503,rejected,international_payments
124,200,3,2026-01-30 15:16:32.760137677,approved,provider_backup
236,3277,3,2026-01-30 21:47:39.292125039,approved,lower_fee
929,888,7,2026-01-31 09:03:11.243679799,in_progress,higher_conversion
137,4446,4,2026-01-31 09:53:58.655095547,approved,lower_fee
207,2358,5,2026-02-02 17:11:39.729129463,in_progress,lower_fee
287,1211,2,2026-02-03 05:42:26.318548005,approved,higher_conversion
429,4997,7,2026-02-04 14:38:25.820533276,approved,lower_fee
369,684,8,2026-02-04 22:18:57.667470686,new,additional_payment_methods
129,2820,2,2026-02-06 09:10:21.098751839,rejected,international_payments
819,4871,8,2026-02-06 14:34:56.941776879,in_progress,higher_conversion
690,4889,4,2026-02-08 07:43:06.826351352,rejected,additional_payment_methods
151,1420,8,2026-02-09 01:03:27.336731020,new,lower_fee
546,3361,2,2026-02-09 14:06:48.877564222,rejected,international_payments
85,3025,6,2026-02-10 21:56:01.853977248,in_progress,international_payments
517,2406,6,2026-02-12 03:14:54.445216686,in_progress,additional_payment_methods
59,1671,3,2026-02-12 07:10:10.446904421,approved,lower_fee
444,1724,8,2026-02-13 00:59:44.727710988,new,higher_conversion
117,2124,2,2026-02-14 17:15:14.721859276,approved,installments
72,85,5,2026-02-14 17:30:30.899980471,approved,lower_fee
173,2697,7,2026-02-15 07:44:45.795432437,new,installments
945,1630,6,2026-02-15 22:52:48.822804771,approved,lower_fee
122,1058,4,2026-02-16 18:55:18.530734226,approved,higher_conversion
147,2975,4,2026-02-16 21:04:51.306240216,new,additional_payment_methods
277,1492,8,2026-02-17 06:41:20.593268249,approved,international_payments
920,197,5,2026-02-18 05:41:56.656011328,rejected,lower_fee
376,4121,6,2026-02-18 18:02:55.113911644,rejected,higher_conversion
879,1584,3,2026-02-19 03:11:14.567527741,approved,lower_fee
98,3457,2,2026-02-19 11:16:34.116786465,in_progress,lower_fee
316,995,2,2026-02-20 03:59:57.880944036,approved,lower_fee
144,3900,6,2026-02-20 22:40:06.112909697,approved,provider_backup
35,1756,8,2026-02-21 07:36:36.644979030,in_progress,installments
674,766,5,2026-02-21 11:58:21.039134234,rejected,higher_conversion
184,101,3,2026-02-21 16:28:34.223184213,approved,international_payments
232,3775,8,2026-02-22 20:38:27.565468885,approved,international_payments
494,2844,5,2026-02-23 05:48:10.782526091,rejected,lower_fee
305,2877,5,2026-02-23 10:26:06.331249114,approved,higher_conversion
958,2457,7,2026-02-24 02:08:28.521363035,approved,lower_fee
930,1346,7,2026-02-24 10:50:55.292559750,in_progress,additional_payment_methods
867,803,8,2026-02-26 01:54:31.299715394,new,additional_payment_methods
628,1413,1,2026-02-26 19:16:54.094940808,new,additional_payment_methods
257,3526,8,2026-02-26 22:55:54.899068728,approved,additional_payment_methods
216,2371,2,2026-02-27 05:34:17.384089962,approved,lower_fee
751,2348,5,2026-03-02 01:32:14.612519417,in_progress,installments
123,4817,5,2026-03-03 06:06:20.795876637,new,lower_fee
665,2182,7,2026-03-04 04:27:33.559034184,approved,lower_fee
170,2030,3,2026-03-04 05:02:14.203226157,in_progress,international_payments
963,3519,2,2026-03-05 09:14:29.129853702,approved,higher_conversion
558,4921,4,2026-03-05 16:11:08.901743226,in_progress,provider_backup
865,3689,8,2026-03-06 07:05:08.665903971,in_progress,additional_payment_methods
276,3249,3,2026-03-06 20:29:46.960187130,approved,lower_fee
884,3351,7,2026-03-07 00:49:57.624167737,approved,lower_fee
624,3227,4,2026-03-07 10:19:17.285542585,in_progress,higher_conversion
367,27,8,2026-03-08 09:31:58.407098979,approved,lower_fee
600,1877,4,2026-03-10 08:12:09.611277923,approved,installments
743,3642,2,2026-03-11 10:02:42.254072890,rejected,higher_conversion
427,600,8,2026-03-13 11:58:27.588435143,rejected,lower_fee
663,3652,6,2026-03-13 16:15:35.910692960,in_progress,lower_fee
128,4772,6,2026-03-19 14:38:53.807775043,approved,higher_conversion
82,3182,2,2026-03-21 10:47:24.877331253,approved,international_payments
598,2111,2,2026-03-22 17:12:38.970610492,new,additional_payment_methods
513,1973,6,2026-03-22 19:55:00.110936768,approved,lower_fee
627,1506,8,2026-03-23 04:33:29.578123569,approved,international_payments
262,2224,2,2026-03-26 11:20:12.960257992,approved,installments
458,2940,1,2026-03-26 17:45:28.957786784,in_progress,lower_fee
321,4832,1,2026-03-28 18:34:23.721827716,rejected,lower_fee
782,2241,3,2026-04-02 13:35:50.024658948,approved,international_payments
26,502,4,2026-04-02 19:20:50.582181066,in_progress,additional_payment_methods
509,1535,6,2026-04-03 02:46:36.935564920,in_progress,higher_conversion
566,4863,2,2026-04-03 06:59:12.697602004,rejected,provider_backup
445,1618,2,2026-04-03 23:01:38.090512700,approved,lower_fee
306,4505,3,2026-04-04 17:53:00.690261267,approved,additional_payment_methods
132,3108,4,2026-04-06 14:07:27.204553448,approved,lower_fee
100,80,6,2026-04-07 18:37:24.376570765,approved,international_payments
75,1002,8,2026-04-08 04:16:38.249029100,approved,international_payments
97,2941,3,2026-04-08 21:48:26.915281892,rejected,international_payments
138,3558,7,2026-04-09 01:04:20.432033855,in_progress,lower_fee
237,3231,7,2026-04-09 10:57:12.764804050,approved,lower_fee
399,3861,6,2026-04-11 05:22:02.809871800,rejected,lower_fee
909,3332,4,2026-04-11 18:35:30.084833197,approved,higher_conversion
715,3334,1,2026-04-12 03:02:45.927320242,in_progress,lower_fee
440,2891,4,2026-04-12 05:26:36.784948945,rejected,lower_fee
208,3426,8,2026-04-12 09:53:53.305745274,approved,international_payments
227,2690,5,2026-04-13 22:24:17.726400226,rejected,provider_backup
860,2751,3,2026-04-14 09:33:57.060708866,approved,additional_payment_methods
234,4521,5,2026-04-14 14:42:31.041959405,approved,lower_fee
179,280,7,2026-04-15 00:37:26.973772869,approved,provider_backup
565,1175,7,2026-04-15 04:42:26.072286300,approved,international_payments
918,4106,8,2026-04-15 08:27:02.102639273,in_progress,additional_payment_methods
149,2888,1,2026-04-15 19:50:03.990538187,in_progress,provider_backup
421,2595,1,2026-04-16 05:31:57.023941830,approved,lower_fee
705,4774,2,2026-04-17 05:19:34.751489580,approved,installments
54,2847,7,2026-04-18 00:05:28.767059714,rejected,lower_fee
872,583,2,2026-04-22 01:28:34.072135121,in_progress,additional_payment_methods
180,1742,5,2026-04-22 03:02:11.666554648,in_progress,additional_payment_methods
168,1591,8,2026-04-22 12:07:26.501513302,approved,provider_backup
937,4182,6,2026-04-23 01:17:06.081277844,approved,lower_fee
646,3709,1,2026-04-23 03:43:14.721931070,rejected,additional_payment_methods
602,4300,8,2026-04-25 16:48:42.200634431,approved,higher_conversion
474,2779,8,2026-04-26 10:12:01.858108964,approved,lower_fee
986,1947,5,2026-04-26 18:44:41.478494734,new,installments
86,1414,1,2026-04-27 17:09:47.804708950,approved,installments
511,3796,6,2026-04-29 17:09:51.072829001,approved,installments
300,1171,3,2026-04-29 19:54:07.409531549,approved,provider_backup
753,4999,2,2026-04-30 11:43:52.516660370,approved,higher_conversion
242,634,6,2026-05-01 03:58:18.544338599,approved,lower_fee
163,842,7,2026-05-02 17:59:07.498571098,rejected,provider_backup
630,372,7,2026-05-03 18:27:14.189690433,approved,additional_payment_methods
91,4154,7,2026-05-04 01:50:39.812887147,approved,higher_conversion
735,4846,2,2026-05-04 20:48:17.249158815,approved,provider_backup
790,1345,7,2026-05-05 16:27:47.757232353,approved,additional_payment_methods
750,4608,8,2026-05-05 20:40:59.154919297,approved,international_payments
789,3260,5,2026-05-08 00:02:13.349347718,approved,higher_conversion
812,1514,8,2026-05-08 08:01:52.883527204,approved,lower_fee
972,89,7,2026-05-08 18:05:09.258848108,in_progress,lower_fee
739,3264,3,2026-05-09 03:01:23.243433386,new,international_payments
707,2118,8,2026-05-09 18:28:47.765107583,approved,additional_payment_methods
450,94,6,2026-05-09 21:10:35.467629902,new,lower_fee
706,4862,8,2026-05-10 02:32:06.196228221,rejected,international_payments
28,334,3,2026-05-10 15:08:40.302077271,new,lower_fee
1,1502,4,2026-05-11 01:33:09.407769836,approved,lower_fee
572,3779,3,2026-05-11 15:40:03.710378818,in_progress,international_payments
263,2218,7,2026-05-11 21:21:17.700537205,approved,installments
709,3527,2,2026-05-14 10:42:08.001511756,approved,provider_backup
44,66,1,2026-05-15 23:36:55.667121232,approved,international_payments
116,3602,6,2026-05-18 02:53:56.612029344,new,lower_fee
145,4488,2,2026-05-20 01:54:40.669413611,approved,lower_fee
266,1740,5,2026-05-21 07:21:02.890598319,approved,installments
825,2686,6,2026-05-21 12:18:48.413585283,new,higher_conversion
521,4113,6,2026-05-22 01:47:04.269025519,approved,higher_conversion
640,3677,4,2026-05-25 10:43:20.324370995,new,higher_conversion
110,1339,4,2026-05-26 12:10:21.734455980,approved,lower_fee
605,4511,8,2026-05-28 05:17:43.867438741,in_progress,additional_payment_methods
957,1500,3,2026-05-28 09:17:24.406250730,approved,provider_backup
24,643,3,2026-05-29 05:05:58.741820805,approved,lower_fee
260,627,8,2026-05-29 06:44:50.248016775,approved,lower_fee
895,4454,7,2026-05-29 22:56:12.362199545,new,higher_conversion
25,4768,1,2026-05-30 00:13:49.179261819,approved,additional_payment_methods
379,1030,2,2026-05-31 17:50:14.063268970,approved,higher_conversion
493,950,3,2026-06-04 18:23:28.538086236,new,lower_fee
833,352,8,2026-06-05 09:04:41.976224292,rejected,international_payments
559,4801,5,2026-06-08 04:34:06.704208851,approved,lower_fee
688,2053,8,2026-06-08 09:52:06.662854135,in_progress,additional_payment_methods
881,1719,4,2026-06-10 03:40:56.719920188,approved,international_payments
816,3166,6,2026-06-10 13:37:37.549687214,new,higher_conversion
348,3007,6,2026-06-11 18:50:24.649809234,approved,provider_backup
973,458,7,2026-06-12 04:00:06.611593179,in_progress,additional_payment_methods
550,587,4,2026-06-12 08:04:28.758709520,approved,additional_payment_methods
428,1435,5,2026-06-13 17:46:56.556778647,in_progress,lower_fee
380,4393,4,2026-06-16 11:35:30.971047193,in_progress,lower_fee
271,677,5,2026-06-16 17:05:50.010808222,new,lower_fee
906,908,2,2026-06-21 15:38:32.865845114,new,additional_payment_methods
898,3376,5,2026-06-21 23:46:03.506345041,approved,lower_fee
323,2108,8,2026-06-23 02:30:37.623754986,approved,lower_fee
632,599,6,2026-06-24 03:10:09.776411474,approved,installments
854,3568,8,2026-06-24 11:06:02.002198927,rejected,lower_fee
333,4149,7,2026-06-25 11:30:20.317073375,approved,installments
434,2846,8,2026-06-26 03:17:35.070222452,approved,additional_payment_methods
460,813,4,2026-06-26 11:15:01.322722256,rejected,lower_fee
725,2861,6,2026-06-26 12:35:20.096759759,approved,lower_fee
524,2747,5,2026-06-27 05:31:52.304819211,approved,lower_fee
806,3987,3,2026-06-28 06:10:38.488559216,rejected,lower_fee
235,231,2,2026-06-29 16:11:17.679226510,approved,higher_conversion
876,2930,6,2026-06-30 10:51:32.289698035,approved,higher_conversion
700,512,7,2026-06-30 21:14:29.063917725,approved,lower_fee
